title	author	date	is_video	id	num_downs	num_ups	upvote_ratio	num_comments	score	text	subreddit
JEEVAN BOBY (u/jeevanbobyvallickad) - Reddit	TheGeorge	1566347766.0	False	ct1svp	0	1	1.0	1	1		spambotwatch
overview for funnynova	BuckRowdy	1555998511.0	False	bg7w8w	0	1	1.0	0	1		spambotwatch
Spams Dating Tips Websites all with Stolen Content	TheGeorge	1554842024.0	False	bb7e57	0	1	1.0	0	1		spambotwatch
overview for poopcake5	ActionScripter9109	1501371866.0	False	6qbmgl	0	1	1.0	1	1		spambotwatch
overview for sutei_m	ActionScripter9109	1501371813.0	False	6qbmar	0	1	1.0	1	1		spambotwatch
overview for gamecuber49	ActionScripter9109	1497415622.0	False	6h2qtf	0	1	1.0	1	1		spambotwatch
overview for Wally_1888	ActionScripter9109	1492823591.0	False	66qkdo	0	1	1.0	1	1		spambotwatch
overview for dressagepizza	Lystrodom	1491446736.0	False	63nj73	0	1	1.0	0	1		spambotwatch
overview for nathan_jj	ActionScripter9109	1491099001.0	False	62uec2	0	1	1.0	1	1		spambotwatch
overview for tyn81	ActionScripter9109	1491098940.0	False	62ue3p	0	1	1.0	1	1		spambotwatch
overview for k_b_d_r_a_g	ActionScripter9109	1491098789.0	False	62udjk	0	1	1.0	1	1		spambotwatch
overview for nigel1144	ActionScripter9109	1490346561.0	False	6161rc	0	1	1.0	1	1		spambotwatch
overview for mr_wow99	ActionScripter9109	1490231855.0	False	60vyy9	0	1	1.0	1	1		spambotwatch
overview for mcgraw72296	ActionScripter9109	1490231716.0	False	60vyes	0	1	1.0	1	1		spambotwatch
overview for joeyhaswhite	ActionScripter9109	1490050160.0	False	60gwwi	0	1	1.0	1	1		spambotwatch
overview for deathbob30	ActionScripter9109	1490049999.0	False	60gwct	0	1	1.0	1	1		spambotwatch
overview for pojo226	ActionScripter9109	1490049582.0	False	60guwa	0	1	1.0	1	1		spambotwatch
overview for alexx683	ActionScripter9109	1490049290.0	False	60gtw1	0	1	1.0	1	1		spambotwatch
overview for destructio17	ActionScripter9109	1490047046.0	False	60gmga	0	1	1.0	1	1		spambotwatch
overview for mage_d_ombre	ActionScripter9109	1490046892.0	False	60glz3	0	1	1.0	1	1		spambotwatch
overview for bart10050	ActionScripter9109	1490046356.0	False	60gkdl	0	1	1.0	1	1		spambotwatch
overview for miss_thing1	ActionScripter9109	1490014658.0	False	60enha	0	1	1.0	1	1		spambotwatch
overview for pure_r4nge49	ActionScripter9109	1490014555.0	False	60en8z	0	1	1.0	1	1		spambotwatch
overview for cardinals823	ActionScripter9109	1489991080.0	False	60ctes	0	1	1.0	1	1		spambotwatch
overview for P3Anut13	ActionScripter9109	1489980623.0	False	60bvqc	0	1	1.0	1	1		spambotwatch
rishi9893's profile	anathemas	1489862487.0	False	603ikl	0	1	1.0	0	1		spambotwatch
overview for packerfan001	ActionScripter9109	1489540115.0	False	5zdeak	0	1	1.0	1	1		spambotwatch
overview for 0o_o_0_0_o	ActionScripter9109	1489442919.0	False	5z55ua	0	1	1.0	1	1		spambotwatch
overview for p_intballer1	ActionScripter9109	1489442871.0	False	5z55p6	0	1	1.0	1	1		spambotwatch
overview for Ubn_Own3D	massenkompatibel	1489210171.0	False	5yovgn	0	1	1.0	0	1		spambotwatch
overview for sophie3x	ActionScripter9109	1489098722.0	False	5yfcrm	0	1	1.0	1	1		spambotwatch
overview for hommiepig909	ActionScripter9109	1489098538.0	False	5yfc6v	0	1	1.0	1	1		spambotwatch
overview for eric_7666	massenkompatibel	1488911485.0	False	5xznio	0	1	1.0	0	1		spambotwatch
overview for Conker_125	massenkompatibel	1488905139.0	False	5xzbvy	0	1	1.0	0	1		spambotwatch
overview for yexnz	massenkompatibel	1488858367.0	False	5xvedg	0	1	1.0	0	1		spambotwatch
overview for Elfwarr	massenkompatibel	1488605399.0	False	5xd5tq	0	1	1.0	0	1		spambotwatch
overview for Kat_De_Kid	ActionScripter9109	1488598642.0	False	5xched	0	2	1.0	1	2		spambotwatch
overview for narutoisrad	massenkompatibel	1488404216.0	False	5wvt4m	0	1	1.0	0	1		spambotwatch
overview for jrs239	massenkompatibel	1488402179.0	False	5wvlyv	0	1	1.0	0	1		spambotwatch
overview for Darkjjsnake	massenkompatibel	1488401511.0	False	5wvjqz	0	2	1.0	0	2		spambotwatch
overview for ActionScripter9109	DirtyPiss	1488320349.0	False	5wo7vu	0	4	0.84	2	4		spambotwatch
overview for darkwessie	ActionScripter9109	1488242511.0	False	5whqwy	0	1	1.0	1	1		spambotwatch
overview for Vsm0	ActionScripter9109	1488242423.0	False	5whqmr	0	1	1.0	1	1		spambotwatch
overview for red_hero11	ActionScripter9109	1488242341.0	False	5whqay	0	1	1.0	1	1		spambotwatch
overview for doei123451	ActionScripter9109	1488242277.0	False	5whq20	0	1	1.0	1	1		spambotwatch
overview for jerryli1991	ActionScripter9109	1488241609.0	False	5whnoj	0	1	1.0	1	1		spambotwatch
overview for swccaster	elypter	1488068756.0	False	5w4u0m	0	1	1.0	0	1		spambotwatch
overview for kingrange104	ActionScripter9109	1487816611.0	False	5vkdco	0	2	1.0	1	2		spambotwatch
overview for jumpfreak15	ActionScripter9109	1487816482.0	False	5vkctv	0	1	1.0	1	1		spambotwatch
overview for nexus750	ActionScripter9109	1487126586.0	False	5u21jm	0	2	1.0	1	2		spambotwatch
overview for BeaNoel	_PlatinumWarrior_	1486377228.0	False	5sbl7m	0	1	1.0	0	1		spambotwatch
sabrija's profile	anathemas	1486326298.0	False	5s74dj	0	1	1.0	1	1		spambotwatch
overview for 13luewizard	ActionScripter9109	1486160579.0	False	5ru6c9	0	2	1.0	1	2		spambotwatch
overview for diabolic7	ActionScripter9109	1486160382.0	False	5ru5q0	0	2	1.0	1	2		spambotwatch
overview for dajoyed	ActionScripter9109	1486160292.0	False	5ru5go	0	2	1.0	1	2		spambotwatch
overview for neo_spartan4	laser-cephalopod	1485928947.0	False	5rbc5v	0	1	1.0	0	1		spambotwatch
overview for nagna5000	ActionScripter9109	1485839064.0	False	5r3jk0	0	1	1.0	1	1		spambotwatch
overview for liversk8	ActionScripter9109	1485707037.0	False	5qsvon	0	1	1.0	1	1		spambotwatch
overview for fog850	nate121k	1485674316.0	False	5qqleg	0	1	1.0	1	1		spambotwatch
overview for m0st_famous3	nate121k	1485673668.0	False	5qqjil	0	1	1.0	0	1		spambotwatch
dregi_11's profile	anathemas	1485546458.0	False	5qgogm	0	1	1.0	0	1		spambotwatch
dreaded_cat's profile	anathemas	1485546379.0	False	5qgo9y	0	1	1.0	0	1		spambotwatch
overview for mmmbeerdrunk	ActionScripter9109	1485471283.0	False	5qak6i	0	1	1.0	2	1		spambotwatch
overview for nielsjo12	nate121k	1485470386.0	False	5qaham	0	2	1.0	0	2		spambotwatch
overview for hotbreath2	nate121k	1485469775.0	False	5qafdx	0	2	1.0	0	2		spambotwatch
overview for shortstop399	ActionScripter9109	1485441258.0	False	5q8tab	0	1	1.0	1	1		spambotwatch
overview for 24_ghz	ActionScripter9109	1485436361.0	False	5q8hx7	0	1	1.0	1	1		spambotwatch
overview for cute_imp2	nate121k	1485429863.0	False	5q7zqt	0	2	1.0	0	2		spambotwatch
overview for bolamann1	ActionScripter9109	1485382697.0	False	5q3e9y	0	1	1.0	1	1		spambotwatch
Aton131's profile	anathemas	1485367437.0	False	5q2er1	0	3	1.0	7	3		spambotwatch
khyamel2's profile	anathemas	1485359269.0	False	5q1zsh	0	2	1.0	0	2		spambotwatch
Justicescap's profile	anathemas	1485359079.0	False	5q1zec	0	2	1.0	0	2		spambotwatch
tawawinz's profile	anathemas	1485358798.0	False	5q1yu4	0	2	1.0	0	2		spambotwatch
meroku248's profile	anathemas	1485358721.0	False	5q1ypi	0	2	1.0	5	2		spambotwatch
king_croc_50's profile	anathemas	1485260470.0	False	5pu456	0	2	1.0	0	2		spambotwatch
overview for dj99559955	nate121k	1485243305.0	False	5pslcg	0	2	1.0	2	2		spambotwatch
overview for noah_3c	nate121k	1485242530.0	False	5psij9	0	2	1.0	1	2		spambotwatch
overview for darth_man94	nate121k	1485241822.0	False	5psg2j	0	3	1.0	4	3		spambotwatch
overview for Tcordeviola	nate121k	1485241087.0	False	5psdd5	0	2	1.0	1	2		spambotwatch
overview for Muul0N	ActionScripter9109	1485230325.0	False	5pr87t	0	1	1.0	1	1		spambotwatch
overview for bigdaddy8906	ActionScripter9109	1485216217.0	False	5ppm1a	0	1	1.0	1	1		spambotwatch
overview for quintenver	ActionScripter9109	1485059757.0	False	5pcqbc	0	1	0.67	1	1		spambotwatch
overview for badboy1845	ActionScripter9109	1484890418.0	False	5ozj7y	0	1	1.0	1	1		spambotwatch
overview for alpha_727	ActionScripter9109	1484890253.0	False	5oziir	0	1	1.0	1	1		spambotwatch
overview for 0_Hellfire_O	ActionScripter9109	1484890166.0	False	5ozi6i	0	1	1.0	1	1		spambotwatch
overview for Itieruiramu	ActionScripter9109	1484775967.0	False	5opez3	0	1	1.0	1	1		spambotwatch
overview for mrkrypto	ActionScripter9109	1484693149.0	False	5oif7j	0	1	1.0	1	1		spambotwatch
overview for death_1st_x	ActionScripter9109	1484607935.0	False	5ob9uu	0	1	1.0	1	1		spambotwatch
Micodapogi's profile	anathemas	1484588145.0	False	5o9zc0	0	1	1.0	1	1		spambotwatch
overview for bronz_army	anathemas	1484516424.0	False	5o3ywo	0	1	1.0	0	1		spambotwatch
overview for ben_the_binc	ActionScripter9109	1483576209.0	False	5m02d7	0	2	1.0	3	2		spambotwatch
overview for kryptanite_g	ActionScripter9109	1483395211.0	False	5llf5d	0	1	1.0	1	1		spambotwatch
Dannyv898 is a spammer (pls no libel).	DirtyPiss	1482893854.0	False	5kldpr	0	1	1.0	0	1		spambotwatch
x_risky123_x's profile	anathemas	1482838465.0	False	5khkvk	0	3	1.0	0	3		spambotwatch
yan1010's profile	anathemas	1482835625.0	False	5khd7k	0	2	1.0	1	2		spambotwatch
overview for dark_hawk_r	ActionScripter9109	1482540051.0	False	5jxzi7	0	1	1.0	1	1		spambotwatch
darthsaber30's profile	anathemas	1482074880.0	False	5iz743	0	3	1.0	0	3		spambotwatch
mantas516's profile	anathemas	1482074636.0	False	5iz6of	0	3	1.0	2	3		spambotwatch
gohomeman's profile	anathemas	1481566548.0	False	5hvwfy	0	2	1.0	0	2		spambotwatch
vash6b's profile	anathemas	1481566412.0	False	5hvw5x	0	2	1.0	0	2		spambotwatch
fresian's profile	anathemas	1481537925.0	False	5hu18i	0	2	1.0	0	2		spambotwatch
overview for freshy12	ActionScripter9109	1481272758.0	False	5haq7p	0	2	1.0	1	2		spambotwatch
overview for Squall437	ActionScripter9109	1481259217.0	False	5h9gml	0	3	1.0	1	3		spambotwatch
overview for mitj4	awkwardtheturtle	1477584327.0	False	59mv3a	0	2	1.0	0	2		spambotwatch
overview for dabestpj	ActionScripter9109	1477453010.0	False	59d21v	0	2	1.0	1	2		spambotwatch
thuglife0000's profile	PM_ME_DICK_PICTURES	1476582178.0	False	57n5pi	0	3	1.0	0	3		spambotwatch
overview for Step2TheJep	lotrouble	1475705065.0	False	55zm0v	0	2	0.75	1	2		spambotwatch
overview for xxpesantxx	ActionScripter9109	1475290875.0	False	559h5f	0	2	1.0	0	2		spambotwatch
overview for erinlee96699	awkwardtheturtle	1475283479.0	False	558v6h	0	2	1.0	0	2		spambotwatch
overview for p00pers	ActionScripter9109	1475099998.0	False	54wg52	0	1	1.0	0	1		spambotwatch
overview for nutmegger101	ActionScripter9109	1475099862.0	False	54wfsc	0	1	1.0	0	1		spambotwatch
overview for albein555	awkwardtheturtle	1475046450.0	False	54teir	0	1	0.6	4	1		spambotwatch
overview for roman1212	lotrouble	1475031171.0	False	54s5fp	0	1	0.66	0	1		spambotwatch
Overview for I_Just_Want_To_Hug	lotrouble	1475028851.0	False	54ry9s	0	1	0.66	0	1		spambotwatch
overview for tado84	ActionScripter9109	1475011351.0	False	54qj6s	0	1	1.0	0	1		spambotwatch
overview for Danze_4	ActionScripter9109	1475011119.0	False	54qinc	0	1	1.0	1	1		spambotwatch
overview for warriors0708	ActionScripter9109	1474930672.0	False	54kz70	0	1	1.0	0	1		spambotwatch
Beserker1000's profile	anathemas	1474875067.0	False	54hs1h	0	1	1.0	0	1		spambotwatch
i_lov_mom's profile	anathemas	1474797386.0	False	54d7mc	0	1	1.0	0	1		spambotwatch
david_knigh0's profile	anathemas	1474797269.0	False	54d7e0	0	1	1.0	0	1		spambotwatch
Eat_As's profile	anathemas	1474796048.0	False	54d4rc	0	1	1.0	0	1		spambotwatch
bansheerules's profile	anathemas	1474601387.0	False	540qlj	0	2	1.0	0	2		spambotwatch
mtj3's profile	anathemas	1474601253.0	False	540q6e	0	2	1.0	0	2		spambotwatch
mankor317's profile	anathemas	1474600677.0	False	540oi8	0	2	1.0	1	2		spambotwatch
overview for tapio00111	ActionScripter9109	1474588573.0	False	53zmv3	0	1	1.0	0	1		spambotwatch
overview for ll_w_o_x_ll	ActionScripter9109	1474588531.0	False	53zmqt	0	1	1.0	0	1		spambotwatch
overview for markstewart3	ActionScripter9109	1474588456.0	False	53zmj5	0	1	1.0	0	1		spambotwatch
overview for dandaman0100	ActionScripter9109	1474588394.0	False	53zmcz	0	1	1.0	0	1		spambotwatch
Bundy_Bear55's profile	anathemas	1474308262.0	False	53guqr	0	1	1.0	0	1		spambotwatch
mekid1023's profile	anathemas	1474307280.0	False	53gt7u	0	1	1.0	0	1		spambotwatch
hamelcam99's profile	anathemas	1474306908.0	False	53gso3	0	1	1.0	0	1		spambotwatch
smiley_ranqe's profile	anathemas	1474306830.0	False	53gskr	0	1	1.0	0	1		spambotwatch
w33zy_b4bi's profile	anathemas	1474146380.0	False	53755e	0	1	1.0	0	1		spambotwatch
sir_guthan22's profile	anathemas	1474019358.0	False	52zoe9	0	1	1.0	0	1		spambotwatch
pk_r00lz1's profile	anathemas	1474019072.0	False	52znsp	0	0	0.5	0	0		spambotwatch
overview for leon_tal	ActionScripter9109	1474004283.0	False	52ykj3	0	1	1.0	1	1		spambotwatch
razy47's profile	anathemas	1473851170.0	False	52ojo2	0	1	1.0	1	1		spambotwatch
stealthsupra's profile	anathemas	1473009670.0	False	513ayu	0	1	1.0	0	1		spambotwatch
maddie1555's profile	anathemas	1473008893.0	False	5139v4	0	1	1.0	0	1		spambotwatch
sad_victom's profile	anathemas	1473008295.0	False	51391a	0	1	1.0	0	1		spambotwatch
overview for najsham	anathemas	1473007199.0	False	5137ga	0	1	1.0	0	1		spambotwatch
dylbob_55's profile	anathemas	1473006362.0	False	51367m	0	1	1.0	0	1		spambotwatch
brandon81894's profile	anathemas	1473005337.0	False	5134sa	0	1	1.0	0	1		spambotwatch
veteran_101's profile	anathemas	1473004626.0	False	5133sl	0	1	1.0	0	1		spambotwatch
Crusher91111's profile	anathemas	1473002002.0	False	512zvl	0	1	1.0	0	1		spambotwatch
overview for Froger755	ActionScripter9109	1472505712.0	False	504yty	0	1	1.0	0	1		spambotwatch
overview for crowgirl26	ActionScripter9109	1472505640.0	False	504ynw	0	1	1.0	1	1		spambotwatch
overview for mommasmurf1	ActionScripter9109	1471475657.0	False	4y64x8	0	1	1.0	0	1		spambotwatch
overview for coolsean20	ActionScripter9109	1471475379.0	False	4y63xv	0	1	1.0	0	1		spambotwatch
overview for krokadilian	ActionScripter9109	1471304938.0	False	4xu72r	0	1	1.0	1	1		spambotwatch
overview for gabana56	ActionScripter9109	1471304640.0	False	4xu65m	0	1	1.0	1	1		spambotwatch
overview for rock_zilla41	ActionScripter9109	1471297681.0	False	4xtmcz	0	1	1.0	2	1		spambotwatch
overview for Manski10	ActionScripter9109	1471297668.0	False	4xtmbw	0	1	1.0	1	1		spambotwatch
overview for Mumalei_Moo	ActionScripter9109	1471297652.0	False	4xtmag	0	1	1.0	1	1		spambotwatch
overview for F_O_G_S_T_R	ActionScripter9109	1471297628.0	False	4xtm8b	0	1	1.0	1	1		spambotwatch
overview for Tectyl	ActionScripter9109	1470348198.0	False	4w4n6f	0	1	1.0	1	1		spambotwatch
overview for divinewind77	ActionScripter9109	1470174458.0	False	4vsi97	0	1	1.0	2	1		spambotwatch
overview for ho_ho_do_do	ActionScripter9109	1470174366.0	False	4vshzq	0	1	1.0	1	1		spambotwatch
overview for jshhroo	ActionScripter9109	1470174273.0	False	4vshrn	0	1	1.0	1	1		spambotwatch
overview for sesonel	ActionScripter9109	1470174046.0	False	4vsh5c	0	1	1.0	1	1		spambotwatch
overview for Run_Or_Die53	ActionScripter9109	1470173687.0	False	4vsg82	0	1	1.0	1	1		spambotwatch
overview for ff_leonheart	ActionScripter9109	1470173414.0	False	4vsfiv	0	1	1.0	1	1		spambotwatch
overview for Doughnut152	ActionScripter9109	1470173147.0	False	4vseum	0	1	1.0	1	1		spambotwatch
overview for elmo_kills22	ActionScripter9109	1469567490.0	False	4uoj9t	0	3	0.81	1	3		spambotwatch
overview for kingkonger18	ActionScripter9109	1469481528.0	False	4uijod	0	1	1.0	1	1		spambotwatch
overview for ultrademon77	ActionScripter9109	1469481120.0	False	4uiimq	0	1	1.0	1	1		spambotwatch
overview for goblineater7	ActionScripter9109	1469480954.0	False	4uii6p	0	1	1.0	1	1		spambotwatch
overview for Turma613	ActionScripter9109	1469229453.0	False	4u393d	0	1	1.0	1	1		spambotwatch
overview for Shakeyjake5	ActionScripter9109	1469229378.0	False	4u38vb	0	1	1.0	1	1		spambotwatch
overview for poo_on_money	ActionScripter9109	1469229266.0	False	4u38j6	0	1	1.0	1	1		spambotwatch
overview for bestsuper222	ActionScripter9109	1469229124.0	False	4u382m	0	1	1.0	1	1		spambotwatch
overview for magma_mm	ActionScripter9109	1469228895.0	False	4u37e9	0	1	1.0	1	1		spambotwatch
overview for caleb_3713	ActionScripter9109	1469228713.0	False	4u36vo	0	1	1.0	1	1		spambotwatch
overview for xela485	ActionScripter9109	1469228563.0	False	4u36fu	0	1	1.0	1	1		spambotwatch
overview for Quickman240	ActionScripter9109	1469228372.0	False	4u35wm	0	1	1.0	1	1		spambotwatch
overview for dietdewman1	ActionScripter9109	1467710866.0	False	4rab9n	0	1	1.0	1	1		spambotwatch
overview for 55867641o	ActionScripter9109	1467710699.0	False	4raaw5	0	1	1.0	1	1		spambotwatch
overview for datvu6	ActionScripter9109	1466461872.0	False	4oyzza	0	3	1.0	1	3		spambotwatch
overview for Tygoons3	ActionScripter9109	1465618420.0	False	4ni7s9	0	1	1.0	1	1		spambotwatch
overview for Bobo_Bob20	ActionScripter9109	1465506826.0	False	4naq8z	0	1	1.0	1	1		spambotwatch
overview for shosh5	ActionScripter9109	1462306108.0	False	4hmxcn	0	1	1.0	1	1		spambotwatch
overview for radiohead80	ActionScripter9109	1462305994.0	False	4hmx55	0	1	1.0	1	1		spambotwatch
overview for mightyman98	ActionScripter9109	1462305897.0	False	4hmwxy	0	1	1.0	1	1		spambotwatch
overview for Jonath19	ActionScripter9109	1462305784.0	False	4hmwpt	0	1	1.0	1	1		spambotwatch
overview for super_moh	ActionScripter9109	1462142687.0	False	4h9beb	0	2	1.0	1	2		spambotwatch
overview for nerka40	Sarkos	1461937934.0	False	4gy3xz	0	2	1.0	1	2		spambotwatch
overview for gandalfe74	Sarkos	1461937118.0	False	4gy2lq	0	2	1.0	1	2		spambotwatch
overview for silven_etan	ActionScripter9109	1461709302.0	False	4gj0qb	0	1	1.0	1	1		spambotwatch
overview for taelxx	ActionScripter9109	1459123800.0	False	4c62eh	0	2	1.0	1	2		spambotwatch
overview for Ice_Cold_330	ActionScripter9109	1457417227.0	False	49f349	0	2	1.0	2	2		spambotwatch
overview for royboy204	ActionScripter9109	1457302264.0	False	497gio	0	2	1.0	1	2		spambotwatch
overview for mlg7732	ActionScripter9109	1457301584.0	False	497f47	0	3	1.0	3	3		spambotwatch
overview for 0wned_alover	ActionScripter9109	1456278422.0	False	477rrb	0	2	1.0	2	2		spambotwatch
overview for xrox333	ActionScripter9109	1454392687.0	False	43qvng	0	2	1.0	1	2		spambotwatch
overview for frede933	ActionScripter9109	1454368597.0	False	43ov2h	0	2	1.0	2	2		spambotwatch
